{"res": {"dTree gini5": {"Acc": 0.34298351427422596, "mAcc": 0.3499997556209564, "mIoU": 0.2058333158493042}, "dTree gini1": {"Acc": 0.33293124246079614, "mAcc": 0.32717591524124146, "mIoU": 0.19571390748023987}, "dTree gini10": {"Acc": 0.3578608765581021, "mAcc": 0.36286067962646484, "mIoU": 0.21888300776481628}, "dTree gini20": {"Acc": 0.3892239646160032, "mAcc": 0.39525049924850464, "mIoU": 0.23868565261363983}, "dTree entropy1": {"Acc": 0.3341375150784077, "mAcc": 0.32956886291503906, "mIoU": 0.19639109075069427}, "dTree entropy5": {"Acc": 0.3252915158825895, "mAcc": 0.32412663102149963, "mIoU": 0.19175073504447937}, "dTree entropy10": {"Acc": 0.32770406111781264, "mAcc": 0.3348008692264557, "mIoU": 0.19325053691864014}, "dTree entropy20": {"Acc": 0.3538399678327302, "mAcc": 0.3555198311805725, "mIoU": 0.2090030461549759}}, "times": {"train": {"dTree gini20": 388.5659890174866, "dTree gini10": 429.6381289958954, "dTree gini5": 475.66257309913635, "dTree gini1": 519.5118889808655, "dTree entropy20": 411.17320489883423, "dTree entropy10": 483.79096388816833, "dTree entropy5": 541.9873688220978, "dTree entropy1": 606.1666700839996}, "predict": {"dTree gini5": 0.31477856636047363, "dTree gini1": 0.31722021102905273, "dTree gini10": 0.08622598648071289, "dTree gini20": 0.08842635154724121, "dTree entropy1": 0.08578944206237793, "dTree entropy5": 0.08907270431518555, "dTree entropy10": 0.08901190757751465, "dTree entropy20": 0.09315276145935059}}}