{"res": {"dTree gini5": {"Acc": 0.34298351427422596, "mAcc": 0.3499997556209564, "mIoU": 0.2058333158493042}, "dTree gini1": {"Acc": 0.33293124246079614, "mAcc": 0.32717591524124146, "mIoU": 0.19571390748023987}, "dTree gini10": {"Acc": 0.3578608765581021, "mAcc": 0.36286067962646484, "mIoU": 0.21888300776481628}, "dTree gini20": {"Acc": 0.3892239646160032, "mAcc": 0.39525049924850464, "mIoU": 0.23868565261363983}, "dTree entropy1": {"Acc": 0.3341375150784077, "mAcc": 0.32956886291503906, "mIoU": 0.19639109075069427}, "dTree entropy5": {"Acc": 0.3252915158825895, "mAcc": 0.32412663102149963, "mIoU": 0.19175073504447937}, "dTree entropy10": {"Acc": 0.32770406111781264, "mAcc": 0.3348008692264557, "mIoU": 0.19325053691864014}, "dTree entropy20": {"Acc": 0.3538399678327302, "mAcc": 0.3555198311805725, "mIoU": 0.2090030461549759}, "Forest gini1": {"Acc": 0.2798552472858866, "mAcc": 0.2797163426876068, "mIoU": 0.15936477482318878}, "Forest gini2": {"Acc": 0.2505026135906715, "mAcc": 0.27379006147384644, "mIoU": 0.1389741450548172}, "Forest gini5": {"Acc": 0.36389223964616, "mAcc": 0.37983641028404236, "mIoU": 0.2255336344242096}, "Forest gini10": {"Acc": 0.40651387213510254, "mAcc": 0.41850441694259644, "mIoU": 0.2529464662075043}, "Forest gini20": {"Acc": 0.4869320466425412, "mAcc": 0.48985376954078674, "mIoU": 0.31792503595352173}, "Forest gini50": {"Acc": 0.5287494973864093, "mAcc": 0.5341866612434387, "mIoU": 0.3537026345729828}, "Forest gini100": {"Acc": 0.5480498592681946, "mAcc": 0.5512239336967468, "mIoU": 0.3686179220676422}, "Forest entropy1": {"Acc": 0.30719742661841576, "mAcc": 0.3121795952320099, "mIoU": 0.18183544278144836}, "Forest entropy2": {"Acc": 0.24849215922798554, "mAcc": 0.2714005410671234, "mIoU": 0.14038780331611633}, "Forest gini200": {"Acc": 0.5536791314837153, "mAcc": 0.5567523241043091, "mIoU": 0.37347444891929626}, "Forest entropy5": {"Acc": 0.35424205870526737, "mAcc": 0.372464656829834, "mIoU": 0.22089219093322754}, "Forest entropy10": {"Acc": 0.44431041415359873, "mAcc": 0.45125818252563477, "mIoU": 0.2859293818473816}, "Forest entropy20": {"Acc": 0.47808604744672295, "mAcc": 0.49249067902565, "mIoU": 0.31032848358154297}, "Forest entropy50": {"Acc": 0.5299557700040209, "mAcc": 0.5371599793434143, "mIoU": 0.3515365719795227}, "Forest entropy100": {"Acc": 0.5609167671893848, "mAcc": 0.5643125772476196, "mIoU": 0.37802058458328247}, "Forest entropy200": {"Acc": 0.5677523120225171, "mAcc": 0.5790403485298157, "mIoU": 0.38597673177719116}}, "times": {"train": {"dTree gini20": 388.5659890174866, "dTree gini10": 429.6381289958954, "dTree gini5": 475.66257309913635, "dTree gini1": 519.5118889808655, "dTree entropy20": 411.17320489883423, "dTree entropy10": 483.79096388816833, "dTree entropy5": 541.9873688220978, "dTree entropy1": 606.1666700839996, "Forest gini1": 1.9834918975830078, "Forest gini2": 3.437988519668579, "Forest gini5": 8.114209413528442, "Forest gini10": 15.910977602005005, "Forest gini20": 31.562292337417603, "Forest entropy1": 2.2676455974578857, "Forest entropy2": 4.813687801361084, "Forest entropy5": 10.460783243179321, "Forest entropy10": 20.69789981842041, "Forest gini50": 78.64356970787048, "Forest entropy20": 40.15160870552063, "Forest gini100": 153.38771748542786, "Forest entropy50": 102.19007062911987, "Forest entropy100": 195.94908237457275, "Forest gini200": 297.2737374305725, "Forest entropy200": 342.9715254306793}, "predict": {"dTree gini5": 0.31477856636047363, "dTree gini1": 0.31722021102905273, "dTree gini10": 0.08622598648071289, "dTree gini20": 0.08842635154724121, "dTree entropy1": 0.08578944206237793, "dTree entropy5": 0.08907270431518555, "dTree entropy10": 0.08901190757751465, "dTree entropy20": 0.09315276145935059, "Forest gini1": 0.10572338104248047, "Forest gini2": 0.10767340660095215, "Forest gini5": 0.08609271049499512, "Forest gini10": 0.09333610534667969, "Forest gini20": 0.11532020568847656, "Forest gini50": 0.1671760082244873, "Forest gini100": 0.24608325958251953, "Forest entropy1": 0.09071850776672363, "Forest entropy2": 0.08685064315795898, "Forest gini200": 0.40114545822143555, "Forest entropy5": 0.09438347816467285, "Forest entropy10": 0.10343718528747559, "Forest entropy20": 0.13006997108459473, "Forest entropy50": 0.16901445388793945, "Forest entropy100": 0.24228668212890625, "Forest entropy200": 0.36184096336364746}}}