{
    "res": {
        "dTree gini20": {
            "Acc": 0.3703256936067551,
            "mAcc": 0.37348848581314087,
            "mIoU": 0.22313229739665985
        },
        "dTree gini10": {
            "Acc": 0.3550462404503418,
            "mAcc": 0.36099347472190857,
            "mIoU": 0.21297287940979004
        },
        "dTree gini1": {
            "Acc": 0.3301166063530358,
            "mAcc": 0.3341175317764282,
            "mIoU": 0.19468757510185242
        },
        "dTree gini5": {
            "Acc": 0.34298351427422596,
            "mAcc": 0.34647080302238464,
            "mIoU": 0.20557594299316406
        },
        "dTree entropy1": {
            "Acc": 0.3457981503819863,
            "mAcc": 0.34528666734695435,
            "mIoU": 0.20388224720954895
        },
        "dTree entropy10": {
            "Acc": 0.35022114997989545,
            "mAcc": 0.352200448513031,
            "mIoU": 0.2084740698337555
        },
        "dTree entropy5": {
            "Acc": 0.3425814234016888,
            "mAcc": 0.33913400769233704,
            "mIoU": 0.20088712871074677
        },
        "dTree entropy20": {
            "Acc": 0.38882187374346605,
            "mAcc": 0.37835192680358887,
            "mIoU": 0.2323373258113861
        },
        "Forest gini2": {
            "Acc": 0.25894652191395257,
            "mAcc": 0.28341981768608093,
            "mIoU": 0.14711061120033264
        },
        "Forest gini1": {
            "Acc": 0.26015279453156415,
            "mAcc": 0.272316038608551,
            "mIoU": 0.14921334385871887
        },
        "Forest gini5": {
            "Acc": 0.3405709690390028,
            "mAcc": 0.35041242837905884,
            "mIoU": 0.20865079760551453
        },
        "Forest gini10": {
            "Acc": 0.41978287092882993,
            "mAcc": 0.44186097383499146,
            "mIoU": 0.2678264081478119
        },
        "Forest gini20": {
            "Acc": 0.4579815038198633,
            "mAcc": 0.4731101095676422,
            "mIoU": 0.2950246334075928
        },
        "Forest gini50": {
            "Acc": 0.5199034981905911,
            "mAcc": 0.534254252910614,
            "mIoU": 0.3467283844947815
        },
        "Forest entropy1": {
            "Acc": 0.27221552070767996,
            "mAcc": 0.2668641209602356,
            "mIoU": 0.15643544495105743
        },
        "Forest gini100": {
            "Acc": 0.5367913148371531,
            "mAcc": 0.5435781478881836,
            "mIoU": 0.3600228428840637
        },
        "Forest entropy2": {
            "Acc": 0.25211097708082025,
            "mAcc": 0.28834185004234314,
            "mIoU": 0.14252525568008423
        },
        "Forest entropy5": {
            "Acc": 0.3671089666264576,
            "mAcc": 0.37900277972221375,
            "mIoU": 0.22616946697235107
        },
        "Forest entropy10": {
            "Acc": 0.41737032569360677,
            "mAcc": 0.4210587441921234,
            "mIoU": 0.26254478096961975
        },
        "Forest entropy20": {
            "Acc": 0.4704463208685163,
            "mAcc": 0.4745290279388428,
            "mIoU": 0.30368420481681824
        },
        "Forest gini200": {
            "Acc": 0.5540812223562526,
            "mAcc": 0.5579681992530823,
            "mIoU": 0.37382927536964417
        },
        "Forest entropy50": {
            "Acc": 0.5235223160434258,
            "mAcc": 0.5326414108276367,
            "mIoU": 0.3468693494796753
        },
        "Forest entropy100": {
            "Acc": 0.5456373140329714,
            "mAcc": 0.5443930625915527,
            "mIoU": 0.36271461844444275
        },
        "Forest entropy200": {
            "Acc": 0.5597104945717732,
            "mAcc": 0.567221462726593,
            "mIoU": 0.37664279341697693
        },
        "KNN": {
            "Acc": 0.31403297145154807,
            "mAcc": 0.3393948972225189,
            "mIoU": 0.19484761357307434
        }
    },
    "times": {
        "train": {
            "dTree gini20": 516.2570838928223,
            "dTree entropy20": 578.706690788269,
            "dTree gini10": 604.9645109176636,
            "dTree gini5": 638.9061753749847,
            "dTree gini1": 650.9240186214447,
            "dTree entropy10": 688.1648905277252,
            "dTree entropy5": 737.8614494800568,
            "dTree entropy1": 762.816960811615,
            "Forest gini1": 3.441298484802246,
            "Forest gini2": 5.377277135848999,
            "Forest entropy1": 3.992809534072876,
            "Forest entropy2": 6.195631980895996,
            "Forest gini5": 13.336856365203857,
            "Forest gini10": 22.676472663879395,
            "Forest entropy5": 16.084730625152588,
            "Forest entropy10": 28.87312412261963,
            "Forest gini20": 43.47599744796753,
            "Forest entropy20": 56.395578384399414,
            "Forest gini50": 100.45794367790222,
            "Forest entropy50": 119.76970219612122,
            "Forest gini100": 175.75519323349,
            "Forest entropy100": 213.07677578926086,
            "Forest gini200": 316.1838366985321,
            "Forest entropy200": 376.4934649467468,
            "KNN": 0.398120641708374
        },
        "predict": {
            "dTree gini20": 0.17298054695129395,
            "dTree gini10": 0.1740102767944336,
            "dTree gini1": 0.17594313621520996,
            "dTree gini5": 0.1757504940032959,
            "dTree entropy1": 0.1068565845489502,
            "dTree entropy10": 0.10961174964904785,
            "dTree entropy5": 0.11488008499145508,
            "dTree entropy20": 0.12271499633789062,
            "Forest gini2": 0.21407794952392578,
            "Forest gini1": 0.22045111656188965,
            "Forest gini5": 0.2326371669769287,
            "Forest gini10": 0.23539090156555176,
            "Forest gini20": 0.14212560653686523,
            "Forest gini50": 0.23723983764648438,
            "Forest entropy1": 0.13853096961975098,
            "Forest gini100": 0.3093271255493164,
            "Forest entropy2": 0.11955642700195312,
            "Forest entropy5": 0.12798023223876953,
            "Forest entropy10": 0.14026594161987305,
            "Forest entropy20": 0.15849757194519043,
            "Forest gini200": 0.5102055072784424,
            "Forest entropy50": 0.2054290771484375,
            "Forest entropy100": 0.26468348503112793,
            "Forest entropy200": 0.389340877532959,
            "KNN": 120.5344352722168
        }
    }
}