{
    "res": {
        "dTree gini5": {
            "Acc": 0.828125,
            "mAcc": 0.8340557217597961,
            "mIoU": 0.7109540104866028
        },
        "dTree gini10": {
            "Acc": 0.8305921052631579,
            "mAcc": 0.8396036028862,
            "mIoU": 0.7153419256210327
        },
        "dTree gini1": {
            "Acc": 0.8334703947368421,
            "mAcc": 0.8369782567024231,
            "mIoU": 0.7151268720626831
        },
        "dTree entropy1": {
            "Acc": 0.828125,
            "mAcc": 0.8295289874076843,
            "mIoU": 0.712630569934845
        },
        "dTree gini20": {
            "Acc": 0.8515625,
            "mAcc": 0.8565424084663391,
            "mIoU": 0.746073305606842
        },
        "dTree entropy10": {
            "Acc": 0.8421052631578947,
            "mAcc": 0.8463748097419739,
            "mIoU": 0.7343886494636536
        },
        "dTree entropy20": {
            "Acc": 0.850328947368421,
            "mAcc": 0.8561577796936035,
            "mIoU": 0.7436321377754211
        },
        "dTree entropy5": {
            "Acc": 0.8273026315789473,
            "mAcc": 0.8331516981124878,
            "mIoU": 0.7160631418228149
        },
        "Forest gini2": {
            "Acc": 0.7857730263157895,
            "mAcc": 0.7979116439819336,
            "mIoU": 0.6482784152030945
        },
        "Forest gini1": {
            "Acc": 0.8079769736842105,
            "mAcc": 0.805160641670227,
            "mIoU": 0.6699450612068176
        },
        "Forest gini5": {
            "Acc": 0.8651315789473685,
            "mAcc": 0.8693574070930481,
            "mIoU": 0.7593198418617249
        },
        "Forest gini10": {
            "Acc": 0.8889802631578947,
            "mAcc": 0.8921207189559937,
            "mIoU": 0.7886104583740234
        },
        "Forest gini20": {
            "Acc": 0.8992598684210527,
            "mAcc": 0.9014403223991394,
            "mIoU": 0.8080264925956726
        },
        "Forest entropy1": {
            "Acc": 0.8022203947368421,
            "mAcc": 0.8063844442367554,
            "mIoU": 0.6677346229553223
        },
        "Forest entropy2": {
            "Acc": 0.7935855263157895,
            "mAcc": 0.8117968440055847,
            "mIoU": 0.662993311882019
        },
        "Forest entropy5": {
            "Acc": 0.8729440789473685,
            "mAcc": 0.8745538592338562,
            "mIoU": 0.765073299407959
        },
        "Forest gini50": {
            "Acc": 0.8980263157894737,
            "mAcc": 0.9010182619094849,
            "mIoU": 0.8069308996200562
        },
        "Forest entropy10": {
            "Acc": 0.8844572368421053,
            "mAcc": 0.8876520395278931,
            "mIoU": 0.7810884118080139
        },
        "Forest entropy20": {
            "Acc": 0.9000822368421053,
            "mAcc": 0.9044380187988281,
            "mIoU": 0.8077157139778137
        },
        "Forest entropy50": {
            "Acc": 0.9009046052631579,
            "mAcc": 0.9031635522842407,
            "mIoU": 0.8114112019538879
        },
        "Forest gini100": {
            "Acc": 0.9041940789473685,
            "mAcc": 0.9069131016731262,
            "mIoU": 0.8201156854629517
        },
        "Forest gini200": {
            "Acc": 0.905016447368421,
            "mAcc": 0.9074462056159973,
            "mIoU": 0.8186963796615601
        },
        "Forest entropy100": {
            "Acc": 0.9033717105263158,
            "mAcc": 0.9052320718765259,
            "mIoU": 0.8142255544662476
        },
        "Forest entropy200": {
            "Acc": 0.9041940789473685,
            "mAcc": 0.9051141738891602,
            "mIoU": 0.8144413232803345
        },
        "KNN": {
            "Acc": 0.8791118421052632,
            "mAcc": 0.8761228322982788,
            "mIoU": 0.7699705362319946
        },
        "SVM linear0.1": {
            "Acc": 0.8955592105263158,
            "mAcc": 0.8962167501449585,
            "mIoU": 0.8011749982833862
        },
        "SVM linear1": {
            "Acc": 0.8803453947368421,
            "mAcc": 0.8764001131057739,
            "mIoU": 0.773472249507904
        },
        "SVM rbf1": {
            "Acc": 0.90625,
            "mAcc": 0.9080114364624023,
            "mIoU": 0.8193170428276062
        },
        "SVM rbf0.1": {
            "Acc": 0.9078947368421053,
            "mAcc": 0.909892201423645,
            "mIoU": 0.818309485912323
        },
        "SVM poly1": {
            "Acc": 0.9004934210526315,
            "mAcc": 0.8986338376998901,
            "mIoU": 0.8065435290336609
        },
        "SVM poly0.1": {
            "Acc": 0.9058388157894737,
            "mAcc": 0.9069708585739136,
            "mIoU": 0.8182384371757507
        },
        "KNN 1": {
            "Acc": 0.8536184210526315,
            "mAcc": 0.8526861071586609,
            "mIoU": 0.7424418330192566
        },
        "KNN 2": {
            "Acc": 0.8474506578947368,
            "mAcc": 0.8528487086296082,
            "mIoU": 0.7356777787208557
        },
        "KNN 5": {
            "Acc": 0.8787006578947368,
            "mAcc": 0.8818343877792358,
            "mIoU": 0.7760097980499268
        },
        "KNN 7": {
            "Acc": 0.884046052631579,
            "mAcc": 0.8856207132339478,
            "mIoU": 0.7846786975860596
        },
        "KNN 9": {
            "Acc": 0.8852796052631579,
            "mAcc": 0.8851504325866699,
            "mIoU": 0.7837982773780823
        }
    },
    "times": {
        "train": {
            "dTree gini20": 83.25476717948914,
            "dTree gini10": 93.35267066955566,
            "dTree gini5": 102.60869598388672,
            "dTree gini1": 132.64963293075562,
            "dTree entropy1": 201.80769038200378,
            "dTree entropy5": 194.27703857421875,
            "dTree entropy10": 187.81792974472046,
            "dTree entropy20": 164.74703907966614,
            "Forest gini1": 1.392035722732544,
            "Forest gini2": 2.9138097763061523,
            "Forest gini5": 6.857682704925537,
            "Forest gini10": 14.118143558502197,
            "Forest gini20": 28.07509183883667,
            "Forest entropy1": 2.991884708404541,
            "Forest entropy2": 6.013524532318115,
            "Forest entropy5": 14.851222276687622,
            "Forest gini50": 69.75331354141235,
            "Forest entropy10": 29.65227508544922,
            "Forest entropy20": 59.439308404922485,
            "Forest gini100": 138.46214532852173,
            "Forest entropy50": 146.7906529903412,
            "Forest gini200": 258.7750720977783,
            "Forest entropy100": 209.9258749485016,
            "Forest entropy200": 297.44348406791687,
            "KNN": 3.5946059226989746,
            "SVM linear0.1": 64.89176726341248,
            "SVM linear1": 69.04354977607727,
            "SVM rbf1": 92.46335053443909,
            "SVM poly1": 56.92408776283264,
            "SVM poly0.1": 73.1534640789032,
            "SVM rbf0.1": 143.43042731285095,
            "KNN 5": 10.025782108306885,
            "KNN 2": 13.255520820617676,
            "KNN 1": 13.268133878707886,
            "KNN 9": 6.542481184005737,
            "KNN 7": 13.244227170944214
        },
        "predict": {
            "dTree gini5": 0.008080482482910156,
            "dTree gini10": 0.006703853607177734,
            "dTree gini1": 0.01473379135131836,
            "dTree entropy1": 0.006206035614013672,
            "dTree gini20": 0.01661539077758789,
            "dTree entropy10": 0.010528087615966797,
            "dTree entropy20": 0.0048944950103759766,
            "dTree entropy5": 0.015842676162719727,
            "Forest gini2": 0.010171890258789062,